Neuronas,Inicialización,Normalización,Learning rate,Batch size,Pesado_termino,Representacion_terminos,ProcesamientosTXT,Epocas_ejecutadas,Error final,Tiempo (s),Accuracy(macro),F1-score(macro),Presicion(macro),Recall(macro)
64,Xavier,none,0.1,32,TF-IDF,"(1, 1)",only_normalizar_texto,100,0.0064494339208636,200.348649263382,0.717,0.7129348707040399,0.7120790369689047,0.7148640419175137
128,Xavier,none,0.01,64,TF-IDF,"(1, 2)",normalizar_txt_sin_StopWords,100,0.0444624428626018,205.28511929512024,0.732,0.7300955542306515,0.7305055646933115,0.735412043110953
256,Xavier,none,0.01,32,TF-IDF,"(1, 2)",normalizar_txt_sin_StopWords,100,0.0445265751692026,707.1479172706604,0.727,0.7233411872007296,0.7224375191350167,0.7256785642761096
512,Xavier,none,0.01,64,TF,"(1, 1)",normalizar_txt_sin_StopWords_mas_stemming,100,0.0253026959872851,1213.9761168956757,0.708,0.701816874714071,0.7017011010005756,0.7019385215248231
1024,Xavier,none,0.01,16,TF-IDF,"(1, 2)",normalizar_txt_sin_StopWords,100,0.0525246268823779,6275.54594039917,0.727,0.7213008817305071,0.7211138310893512,0.7215015265397207