Neuronas,Inicialización,Normalización,Learning rate,Batch size,Pesado_termino,Representacion_terminos,ProcesamientosTXT,Epocas_ejecutadas,Error final,Tiempo (s),Accuracy(macro),F1-score(macro),Presicion(macro),Recall(macro)
128,Xavier,none,0.01,16,TF,"(1, 2)",only_normalizar_texto,100,0.007936735561177,542.5987787246704,0.81,0.8067338012409724,0.8084686983690763,0.8055447533864799
64,Xavier,none,0.01,16,TF,"(1, 2)",normalizar_txt_sin_StopWords,100,0.0117306241296765,217.02386856079104,0.788,0.7853068896234363,0.7853068896234363,0.7853068896234363
256,Xavier,none,0.01,16,TF,"(2, 2)",only_normalizar_texto,100,0.014917716975728,657.2574121952057,0.77,0.7641112738401454,0.7698041703534283,0.7618607816449543
1024,Normal,none,0.1,32,TF-IDF,"(1, 2)",normalizar_txt_sin_StopWords_mas_stemming,100,0.0333483176447558,1355.3754477500916,0.74,0.7353894253472505,0.7369627882599581,0.7344286732775942
512,Normal,none,0.1,16,TF,"(1, 1)",only_normalizar_texto,100,0.0387039456522045,1507.477831363678,0.734,0.7285259982282749,0.7312080592240853,0.7272182254196642
